Code enseig.,Activité,Jour,Heure début,Heure fin,Semaine,Type créneau,Lib. créneau
AC01,Cours,Vendredi,10:15,12:15,,C,
AC01,TD,Lundi,14:15,16:15,,D,1
AC01,TD,Mardi,08:00,10:00,,D,2
AC01,TP,Mercredi,08:00,10:00,,T,1
AC01,TP,Jeudi,14:15,16:15,,T,2
AC02,Cours,Vendredi,10:15,12:15,,C,
AC02,TD,Lundi,13:15,16:15,,D,1
AC02,TD,Mardi,10:15,13:15,,D,2
AC03,Cours,Mercredi,14:15,16:15,,C,
AC03,TD,Mardi,10:15,12:15,,D,1
AC03,TD,Mercredi,16:30,18:30,,D,2
AC05,Cours,Jeudi,18:45,20:45,,C,
AC05,Cours,Mardi,14:15,16:15,,C,
AC05,TD,Jeudi,08:00,10:00,,D,1
AC05,TD,Vendredi,10:15,12:15,,D,2
AC05,TD,Vendredi,16:30,18:30,,D,3
AC05,TP,Mardi,10:15,13:15,B,T,1
AC05,TP,Mardi,10:15,13:15,A,T,1
AC05,TP,Mercredi,16:30,19:30,,T,2
AC05,TP,Vendredi,13:00,16:00,A,T,3
AC05,TP,Vendredi,13:00,16:00,B,T,3
AI01,Cours,Lundi,16:30,18:30,,C,
AI01,TD,Mercredi,10:15,12:15,,D,1
AI01,TD,Mercredi,16:30,18:30,,D,2
AI01,TP,Jeudi,10:15,12:15,,T,1
AI01,TP,Jeudi,16:30,18:30,,T,2
AI02,Cours,Mercredi,08:00,10:00,,C,
AI02,TD,Jeudi,16:30,18:30,,D,
AI02,TP,Vendredi,08:00,10:00,B,T,
AI02,TP,Vendredi,08:00,10:00,A,T,
AI03,Cours,Mardi,08:00,12:00,,C,
AI04,Cours,Jeudi,10:15,12:15,,C,
AI04,Cours,Vendredi,14:15,16:15,,C,
AI05,Cours,Mercredi,10:15,13:15,,C,
AI05,TD,Lundi,14:15,16:15,,D,1
AI05,TD,Vendredi,08:00,10:00,,D,2
AI09,Cours,Lundi,08:00,10:00,,C,
AI09,TD,Lundi,14:15,16:15,,D,
AI10,Cours,Mardi,16:30,19:30,,C,
AI10,TD,Mardi,14:15,16:15,,D,1
AI10,TD,Mardi,10:15,12:15,,D,2
AI11,Cours,Mercredi,16:30,18:30,,C,
AI11,TD,Jeudi,14:15,16:15,,D,
AI12,Cours,Mardi,08:00,10:00,,C,
AI12,TD,Mercredi,16:30,19:30,,D,
AI13,Cours,Lundi,16:30,18:30,,C,
AI13,Cours,Vendredi,16:30,18:30,,C,
AI14,Cours,Jeudi,08:00,10:00,,C,
AI14,TD,Jeudi,10:15,13:15,,D,
AI15,Cours,Lundi,14:15,16:15,,C,
AI15,TD,Mardi,14:15,16:15,,D,
AI22,Cours,Vendredi,08:00,10:00,,C,
AI22,TD,Mardi,08:00,12:00,,D,
AI23,Cours,Jeudi,08:00,10:00,,C,
AI23,TD,Jeudi,13:15,16:15,,D,
AI24,Cours,Mardi,16:30,18:30,,C,
AI24,Cours,Mercredi,16:30,18:30,,C,
AI29,Cours,Vendredi,10:15,12:15,,C,
AI29,TD,Jeudi,16:30,18:30,,D,
AI29,TP,Mercredi,08:00,10:00,A,T,
AI29,TP,Mercredi,08:00,10:00,B,T,
AI30,Cours,Mardi,16:30,18:30,,C,
AI30,TD,Lundi,16:30,19:30,,D,
AI32,Cours,Jeudi,10:15,12:15,,C,
AI32,TD,Mardi,16:30,18:30,,D,
AI32,TP,Mercredi,14:30,18:30,B,T,
AI32,TP,Mercredi,14:30,18:30,A,T,
AI34,Cours,Mardi,10:15,12:15,,C,
AI34,TD,Mardi,14:15,16:15,,D,
AI34,TP,Vendredi,14:15,16:15,,T,
AI35,Cours,Vendredi,16:30,18:00,,C,
AI35,TD,Vendredi,08:00,12:00,,D,
AI36,Cours,Mercredi,14:15,16:15,,C,
AI36,TD,Jeudi,14:30,18:30,,D,
AI37,Cours,Vendredi,10:15,12:15,,C,
AI37,TD,Vendredi,13:15,16:15,,D,
AI38,Cours,Jeudi,10:15,12:15,,C,
AI38,TD,Jeudi,14:15,16:15,,D,
AM01,Cours,Vendredi,16:30,18:00,,C,
AM01,TD,Lundi,08:00,12:00,,D,1
AM01,TD,Mercredi,08:00,12:00,,D,2
AM02,Cours,Jeudi,08:00,12:00,,C,
AM02,Cours,Lundi,16:30,19:30,,C,
AM03,Cours,Mardi,16:30,18:00,,C,
AM03,TD,Jeudi,10:15,13:15,,D,1
AM03,TD,Jeudi,16:30,19:30,,D,2
AM04,Cours,Mardi,14:15,16:15,,C,
AM04,TD,Jeudi,08:00,10:00,,D,1
AM04,TD,Vendredi,08:00,10:00,,D,2
AM04,TP,Mardi,08:00,12:00,,T,1
AM04,TP,Jeudi,14:30,18:30,,T,2
AM08,Cours,Lundi,08:00,10:00,,C,
AM08,TD,Mardi,10:15,13:15,,D,
AM11,Cours,Vendredi,08:00,10:00,,C,
AM11,TD,Mardi,10:15,12:15,,D,1
AM11,TD,Jeudi,10:15,12:15,,D,2
AM11,TP,Lundi,14:15,16:15,,T,1
AM11,TP,Lundi,16:30,18:30,,T,2
AM11,TP,Jeudi,08:00,10:00,,T,3
AM14,Cours,Lundi,16:30,18:30,,C,
AM14,Cours,Mercredi,14:15,18:15,,C,
AM14,TD,Mardi,08:00,10:00,,D,1
AM14,TD,Mardi,14:15,16:15,,D,2
AM15,Cours,Mercredi,08:00,10:00,,C,
AM15,TD,Mercredi,10:15,13:15,,D,
AM15,TP,Jeudi,14:30,18:30,A,T,
AM15,TP,Jeudi,14:30,18:30,B,T,
AM20,Cours,Lundi,14:15,16:15,,C,
AM20,TD,Vendredi,08:00,10:00,,D,
AM21,Cours,Lundi,16:30,18:30,,C,
AM21,TD,Mardi,08:00,10:00,,D,
AM22,Cours,Jeudi,10:15,12:15,,C,
AM22,TD,Vendredi,16:30,19:30,,D,
AM23,Cours,Jeudi,14:30,18:30,,C,
AM23,Cours,Vendredi,08:00,10:00,,C,
AM25,Cours,Mercredi,14:15,16:15,,C,
AM25,TD,Mardi,10:15,12:15,,D,
AM27,Cours,Jeudi,08:00,12:00,,C,
AM27,TP,Mercredi,08:00,10:00,,T,
AM29,Cours,Mardi,08:30,10:00,,C,
AM29,TD,Vendredi,14:30,18:30,,D,
AM41,TD,Jeudi,08:00,09:00,,D,
AM41,TP,Jeudi,09:00,12:00,,T,
AM42,Cours,Lundi,14:15,16:15,,C,
AM42,TD,Lundi,16:30,18:30,,D,
AM43,Cours,Mardi,08:00,10:00,,C,
AM43,TD,Vendredi,13:00,16:00,,D,
AM51,Cours,Lundi,14:15,16:15,,C,
AM51,TD,Lundi,16:30,18:30,,D,
AM51,TP,Jeudi,14:30,18:30,,T,
AP00,Atelier,Jeudi,08:30,12:30,,D,1
AP00,Atelier,Jeudi,13:30,18:00,,D,1
AP00,Atelier,Jeudi,08:30,12:30,,D,2
AP00,Atelier,Jeudi,13:30,18:00,,D,2
AP00,Atelier,Jeudi,08:30,12:30,,D,3
AP00,Atelier,Jeudi,13:30,18:00,,D,3
AP51,Atelier,Jeudi,14:30,18:30,,D,
AP51,Atelier,Lundi,08:00,12:00,,D,
AP52,Atelier,Lundi,14:30,18:30,,D,
AP52,Atelier,Mercredi,08:00,12:00,,D,
AP53,Atelier,Mardi,09:00,13:00,,D,
AP53,Atelier,Mardi,14:30,18:30,,D,
AR03,Cours,Mardi,09:00,10:00,,C,
AR03,TD,Mardi,10:15,12:15,,D,
AR04,Cours,Jeudi,10:15,12:15,,C,
AR04,TD,Jeudi,14:15,16:15,,D,1
AR04,TD,Jeudi,16:30,18:30,,D,2
AV01,Cours,Vendredi,12:45,13:45,,C,
AV01,TD,Vendredi,08:00,10:00,,D,1
AV01,TD,Vendredi,10:15,12:15,,D,2
BA03,Cours,Mercredi,10:15,12:15,,C,
BA03,TD,Lundi,10:15,12:15,,D,1
BA03,TD,Mercredi,08:00,10:00,,D,2
BA04,Cours,Lundi,08:00,10:00,,C,
BA04,TD,Lundi,10:15,12:15,,D,1
BA04,TD,Lundi,14:15,16:15,,D,2
BA04,TD,Lundi,16:30,18:30,,D,3
BA05,Cours,Mercredi,14:15,16:15,,C,
BA05,TD,Mercredi,16:30,18:30,,D,
BA06,Cours,Vendredi,08:00,10:00,,C,
BA06,TD,Vendredi,10:15,12:15,,D,
BA08,Cours,Lundi,08:00,10:00,,C,
BA08,TD,Lundi,10:15,12:15,,D,
BA10,Cours,Mercredi,08:00,10:00,,C,
BA10,TD,Mercredi,10:15,12:15,,D,
BI02,Cours,Mardi,16:30,18:30,,C,
BI02,TD,Lundi,14:15,16:15,,D,
BL10,Cours,Lundi,14:15,16:15,,C,
BL10,TD,Lundi,16:30,18:30,,D,1
BL10,TD,Mardi,10:15,12:15,,D,2
BL10,TD,Mercredi,10:15,12:15,,D,3
BL10,TP,Mercredi,14:30,18:30,B,T,1
BL10,TP,Mercredi,14:30,18:30,A,T,1
BL10,TP,Jeudi,08:00,12:00,A,T,2
BL10,TP,Jeudi,08:00,12:00,B,T,2
BL10,TP,Vendredi,14:30,18:30,,T,3
BL16,Cours,Lundi,16:30,18:30,,C,
BL16,TD,Mercredi,14:15,16:15,,D,
BL17,Cours,Mercredi,16:30,18:30,,C,
BL17,TD,Mercredi,10:15,12:15,,D,
BL17,TP,Jeudi,14:15,18:15,,T,
BL20,Cours,Lundi,10:15,12:15,,C,
BL20,TD,Mardi,14:15,16:15,,D,1
BL20,TD,Mardi,16:30,18:30,,D,2
BL20,TD,Mercredi,08:00,10:00,,D,3
BL20,TD,Vendredi,14:15,16:15,,D,4
BL20,TP,Lundi,14:30,18:30,A,T,1
BL20,TP,Lundi,14:30,18:30,B,T,1
BL20,TP,Mardi,08:00,12:00,A,T,2
BL20,TP,Mardi,08:00,12:00,B,T,2
BL20,TP,Jeudi,14:30,18:30,A,T,3
BL20,TP,Jeudi,14:30,18:30,B,T,3
BL20,TP,Vendredi,08:00,12:00,,T,4
BL20,TP,Vendredi,08:00,12:00,,T,5
BM03,Cours,Mardi,10:15,12:15,,C,
BM03,TD,Mercredi,14:15,16:15,,D,
BM03,TP,Vendredi,08:00,12:00,A,T,
BM03,TP,Vendredi,08:00,12:00,B,T,
BM04,Cours,Mardi,08:00,10:00,,C,
BM04,TD,Jeudi,08:00,10:00,,D,
BM04,TP,Lundi,14:15,18:15,A,T,
BM04,TP,Lundi,14:15,18:15,B,T,
BM05,Cours,Jeudi,10:15,13:15,,C,
BM05,TP,Jeudi,14:15,18:15,B,T,
BM05,TP,Jeudi,14:15,18:15,A,T,
BM06,Cours,Mercredi,10:15,12:15,,C,
BM06,TD,Lundi,10:15,11:45,,D,
BM06,TP,Mercredi,16:30,18:30,B,T,
BM06,TP,Mercredi,16:30,18:30,A,T,
BM07,Cours,Lundi,10:15,12:15,,C,
BM07,TD,Mercredi,14:15,16:15,,D,
BM07,TP,Jeudi,14:30,18:30,B,T,1
BM07,TP,Jeudi,14:30,18:30,A,T,1
BM07,TP,Vendredi,08:00,12:00,A,T,2
BM07,TP,Vendredi,08:00,12:00,B,T,2
BM07,TP,Vendredi,14:30,18:30,A,T,3
BM07,TP,Vendredi,14:30,18:30,B,T,3
BT03,Cours,Lundi,08:00,10:00,,C,
BT03,TD,Mercredi,08:00,10:00,,D,
BT03,TP,Jeudi,14:30,18:30,A,T,1
BT03,TP,Jeudi,14:30,18:30,B,T,1
BT03,TP,Vendredi,08:00,12:00,A,T,2
BT03,TP,Vendredi,08:00,12:00,B,T,2
BT03,TP,Vendredi,14:30,18:30,A,T,3
BT03,TP,Vendredi,14:30,18:30,B,T,3
BT07,Cours,Mercredi,08:00,10:00,,C,
BT07,TD,Jeudi,10:15,13:15,,D,
BT09,Cours,Mercredi,10:15,12:15,,C,
BT09,TD,Mercredi,14:15,16:15,,D,1
BT09,TD,Jeudi,10:15,12:15,,D,2
BT09,TP,Jeudi,14:15,18:15,A,T,1
BT09,TP,Jeudi,14:15,18:15,B,T,1
BT09,TP,Vendredi,08:00,12:00,B,T,2
BT09,TP,Vendredi,08:00,12:00,A,T,2
CF04,Cours,Jeudi,10:15,12:15,,C,
CF04,TD,Vendredi,13:15,16:15,,D,
CM04,Cours,Jeudi,18:45,20:45,,C,
CM04,Cours,Lundi,10:15,12:15,,C,
CM04,TD,Mercredi,08:00,10:00,,D,1
CM04,TD,Vendredi,08:00,10:00,,D,2
CM04,TD,Vendredi,14:15,16:15,,D,3
CM04,TD,Vendredi,16:30,18:30,,D,4
CM05,Cours,Lundi,08:00,10:00,,C,
CM05,TD,Mercredi,14:15,16:15,,D,1
CM05,TD,Jeudi,08:00,10:00,,D,2
CM05,TD,Vendredi,16:30,18:30,,D,3
CM06,TD,Mercredi,16:30,18:30,,D,
CM11,Cours,Vendredi,10:15,12:15,,C,
CM11,TD,Lundi,08:00,10:00,,D,1
CM11,TD,Mardi,08:00,10:00,,D,2
CM11,TD,Mardi,16:30,18:30,,D,3
CM11,TD,Mercredi,08:00,10:00,,D,4
CM11,TD,Jeudi,08:00,10:00,,D,5
CM11,TD,Vendredi,08:00,10:00,,D,6
CM11,TP,Mercredi,14:30,18:30,B,T,1
CM11,TP,Mercredi,14:30,18:30,A,T,1
CM11,TP,Jeudi,14:30,18:30,B,T,2
CM11,TP,Jeudi,14:30,18:30,A,T,2
CM11,TP,Vendredi,14:30,18:30,B,T,3
CM11,TP,Vendredi,14:30,18:30,A,T,3
CM12,Cours,Vendredi,10:15,12:15,,C,
CM12,TD,Mercredi,14:15,16:15,,D,1
CM12,TD,Jeudi,14:15,16:15,,D,2
CM13,Cours,Jeudi,08:00,10:00,,C,
CM13,TD,Lundi,10:15,12:15,,D,1
CM13,TD,Lundi,14:15,16:15,,D,2
CM13,TP,Mercredi,14:30,18:30,,T,1
CM13,TP,Jeudi,14:30,18:30,B,T,2
CM13,TP,Jeudi,14:30,18:30,A,T,2
CM71,TP,Jeudi,13:30,17:30,,T,
DF03,Cours,Lundi,14:15,16:15,,C,
DF03,TD,Vendredi,08:00,10:00,,D,
DF04,Cours,Lundi,16:30,18:30,,C,
DF04,TD,Mardi,08:00,10:00,,D,
DI01,Cours,Jeudi,10:15,12:15,,C,
DI02,Cours,Vendredi,08:00,10:00,,C,
DI02,TD,Vendredi,10:15,12:15,,D,1
DI02,TD,Vendredi,14:15,16:15,,D,2
DI04,Cours,Jeudi,14:15,16:15,,C,
DI04,TD,Jeudi,16:30,18:30,,D,
DI05,Cours,Mardi,10:15,12:15,,C,
DI05,TD,Mardi,14:15,16:15,,D,1
DI05,TD,Mardi,16:30,18:30,,D,2
DI08,Cours,Lundi,14:15,16:15,,C,
DI08,TD,Lundi,16:30,18:30,,D,
DS01,Cours,Mardi,13:00,14:00,,C,
DS01,TP,Mardi,14:15,16:15,,T,1
DS01,TP,Mardi,16:30,18:30,,T,2
ED01,TD,Vendredi,08:00,12:00,,D,
ED02,TD,Lundi,10:15,13:15,,D,
ED04,TD,Jeudi,10:15,13:15,,D,
ED04,TD,Mercredi,09:30,12:30,,D,
EG01,Cours,Mercredi,10:15,12:15,,C,
EG01,TD,Mercredi,14:15,16:15,,D,
EI02,Cours,Vendredi,13:00,14:00,,C,
EI02,TD,Vendredi,08:00,10:00,,D,1
EI02,TD,Vendredi,10:15,12:15,,D,2
EI04,Cours,Lundi,13:00,14:00,,C,
EI04,TD,Lundi,14:15,16:15,,D,
EI05,Cours,Mardi,13:00,14:00,,C,
EI05,TD,Mardi,14:15,16:15,,D,
EI07,Cours,Mercredi,13:00,14:00,,C,
EI07,TD,Mercredi,14:15,16:15,,D,1
EI07,TD,Mercredi,16:30,18:30,,D,2
EN21,Cours,Vendredi,10:15,12:15,,C,
EN21,TD,Lundi,08:15,09:45,,D,1
EN21,TD,Lundi,10:45,12:15,,D,2
EN21,TD,Lundi,14:30,16:00,,D,3
EN21,TD,Lundi,16:45,18:15,,D,4
EN21,TP,Mercredi,08:00,12:00,B,T,1
EN21,TP,Mercredi,08:00,12:00,A,T,1
EN21,TP,Mercredi,14:30,18:30,A,T,2
EN21,TP,Mercredi,14:30,18:30,B,T,2
EN21,TP,Jeudi,08:00,12:00,A,T,3
EN21,TP,Jeudi,08:00,12:00,B,T,3
EN21,TP,Jeudi,14:30,18:30,A,T,4
EN21,TP,Jeudi,14:30,18:30,B,T,4
EV02,Cours,Mardi,08:00,10:00,,C,
EV02,TD,Mardi,10:15,12:15,,D,
EV03,Cours,Mardi,14:15,16:15,,C,
EV03,TD,Mardi,16:30,18:30,,D,
FE01,Cours,Mercredi,16:30,17:30,,C,
FE01,TD,Mercredi,17:30,18:30,,D,
FQ01,Cours,Mercredi,14:15,16:15,,C,
FQ01,TD,Mardi,14:15,16:15,,D,1
FQ01,TD,Jeudi,08:00,10:00,,D,2
FQ01,TD,Jeudi,10:15,12:15,,D,3
FQ04,Cours,Mardi,14:15,16:15,,C,
FQ04,TD,Mardi,16:30,18:30,,D,
GE10,Cours,Mercredi,13:00,14:00,,C,
GE10,TD,Lundi,08:00,10:00,,D,1
GE10,TD,Lundi,10:15,12:15,,D,2
GE10,TD,Mardi,08:00,10:00,,D,3
GE10,TD,Mardi,10:15,12:15,,D,4
GE10,TD,Mercredi,14:15,16:15,,D,5
GE13,Cours,Lundi,13:00,14:00,,C,
GE13,TD,Lundi,14:15,16:15,,D,1
GE13,TD,Lundi,16:30,18:30,,D,2
GE15,Cours,Mardi,13:00,14:00,,C,
GE15,TD,Mardi,14:15,16:15,,D,1
GE15,TD,Mardi,16:30,18:30,,D,2
GE20,Cours,Mercredi,13:00,14:00,,C,
GE20,TD,Mercredi,14:15,16:15,,D,1
GE20,TD,Mercredi,16:30,18:30,,D,2
GE21,Cours,Mardi,13:00,14:00,,C,
GE21,TD,Mardi,10:15,12:15,,D,1
GE21,TD,Mardi,14:15,16:15,,D,2
GE22,Cours,Mercredi,13:00,14:00,,C,
GE22,TD,Lundi,14:15,16:15,,D,1
GE22,TD,Lundi,16:30,18:30,,D,2
GE22,TD,Mercredi,14:15,16:15,,D,3
GE22,TD,Mercredi,14:15,16:15,,D,4
GE22,TD,Mercredi,16:30,18:30,,D,5
GE22,TD,Mercredi,16:30,18:30,,D,6
GE25,Cours,Jeudi,13:00,14:00,,C,
GE25,TD,Jeudi,14:15,16:15,,D,
GE27,Cours,Jeudi,13:00,14:00,,C,
GE27,TD,Jeudi,14:15,16:15,,D,1
GE27,TD,Vendredi,10:15,12:15,,D,2
GE28,Cours,Lundi,08:00,10:00,,C,
GE28,TD,Lundi,10:15,11:15,,D,1
GE28,TD,Lundi,11:15,12:15,,D,2
GE36,Cours,Lundi,13:00,14:00,,C,
GE36,TD,Lundi,14:15,16:15,,D,1
GE36,TD,Mardi,14:15,16:15,,D,2
GE36,TD,Mardi,16:30,18:30,,D,3
GE37,Cours,Lundi,10:15,12:15,,C,
GE37,TD,Lundi,13:15,16:15,,D,1
GE37,TD,Mercredi,09:00,12:00,,D,2
GE37,TD,Jeudi,09:00,12:00,,D,3
GE37,TD,Vendredi,14:15,17:15,,D,4
GE38,Cours,Mardi,13:00,14:00,,C,
GE38,TD,Mardi,14:15,17:15,,D,
GE39,Cours,Mardi,08:00,09:00,,C,
GE39,TD,Mardi,09:00,12:00,,D,
GE40,Cours,Mercredi,16:30,18:30,,C,
GE40,TD,Mercredi,13:15,16:15,,D,
HE01,Cours,Vendredi,09:00,10:00,,C,
HE01,TD,Vendredi,10:15,12:15,,D,1
HE01,TD,Vendredi,14:15,16:15,,D,2
HE03,Cours,Mardi,13:00,14:00,,C,
HE03,TD,Mardi,14:15,16:15,,D,1
HE03,TD,Mardi,16:30,18:30,,D,2
HT01,Cours,Mercredi,14:15,16:15,,C,
HT01,TD,Mercredi,16:30,17:30,,D,1
HT01,TD,Mercredi,17:30,18:30,,D,2
HT04,Cours,Mercredi,10:15,12:15,,C,
HT04,TD,Mercredi,13:00,14:00,,D,
HT05,Cours,Lundi,14:15,16:15,,C,
HT05,TD,Lundi,16:30,18:30,,D,
IA01,Cours,Mercredi,08:00,10:00,,C,
IA01,TD,Mardi,10:15,12:15,,D,1
IA01,TD,Jeudi,14:15,16:15,,D,2
IA01,TD,Jeudi,16:30,18:30,,D,3
IA01,TD,Vendredi,14:15,16:15,,D,4
IA01,TP,Jeudi,08:00,10:00,A,T,1
IA01,TP,Jeudi,08:00,10:00,B,T,1
IA01,TP,Jeudi,10:15,12:15,A,T,2
IA01,TP,Jeudi,10:15,12:15,B,T,2
IA01,TP,Vendredi,16:30,18:30,A,T,3
IA01,TP,Vendredi,16:30,18:30,B,T,3
IA01,TP,Mardi,16:30,18:30,,T,4
IA01,TP,Mardi,16:30,18:30,,T,5
IA03,Cours,Mercredi,16:30,18:30,,C,
IA03,TD,Mercredi,14:15,16:15,,D,
IA04,Cours,Mardi,16:30,18:30,,C,
IA04,TD,Lundi,10:15,13:15,,D,1
IA04,TD,Mardi,10:15,13:15,,D,2
IC01,Cours,Mardi,13:00,14:00,,C,
IC01,TD,Mardi,14:15,16:15,,D,1
IC01,TD,Mardi,16:30,18:30,,D,2
IC03,Cours,Mercredi,13:00,14:00,,C,
IC03,TD,Mercredi,14:15,16:15,,D,1
IC03,TD,Mercredi,16:30,18:30,,D,2
IC06,Cours,Vendredi,13:00,14:00,,C,
IC06,TD,Vendredi,14:15,16:15,,D,
ICX1,Cours,Vendredi,13:00,14:00,,C,
ICX1,TD,Vendredi,14:00,18:00,,D,
ICX4,Cours,Mercredi,10:15,11:15,,C,
ICX4,TD,Mercredi,11:15,13:15,,D,
ICX6,Cours,Mercredi,18:30,19:30,,C,
ICX6,TP,Mercredi,16:30,18:30,,T,
ICX8,TD,Jeudi,14:15,18:15,,D,
IDC2,Cours,Mercredi,10:15,12:15,,C,
IDC2,TD,Jeudi,16:30,18:30,,D,
IDC3,Cours,Lundi,16:30,17:30,,C,
IDC3,TD,Lundi,14:15,16:15,,D,
IDC5,Cours,Mardi,08:00,10:00,,C,
IDC5,TP,Mardi,16:30,18:30,,T,
IDC6,Cours,Mercredi,08:00,10:00,,C,
IDC6,TP,Mercredi,16:30,18:30,,T,
INF1,Cours,Jeudi,14:15,16:15,,C,
INF1,TD,Lundi,13:00,16:00,,D,1
INF1,TD,Lundi,16:30,19:30,,D,2
INF1,TD,Mardi,10:15,13:15,,D,3
INF1,TD,Mercredi,13:00,16:00,,D,4
INF1,TD,Mercredi,16:30,19:30,,D,5
INF1,TD,Jeudi,10:15,13:15,,D,6
INF1,TD,Vendredi,10:15,13:15,,D,7
INF2,Cours,Vendredi,08:00,10:00,,C,
INF2,TD,Mardi,08:00,10:00,,D,1
INF2,TD,Mardi,16:30,18:30,,D,2
INF2,TD,Mercredi,08:00,10:00,,D,3
INF2,TD,Mercredi,10:15,12:15,,D,4
INF2,TD,Jeudi,16:30,18:30,,D,5
INF2,TD,Vendredi,10:15,12:15,,D,6
INF2,TP,Lundi,14:15,16:15,A,T,1
INF2,TP,Lundi,14:15,16:15,B,T,1
INF2,TP,Lundi,16:30,18:30,A,T,2
INF2,TP,Lundi,16:30,18:30,B,T,2
INF2,TP,Mardi,14:15,16:15,B,T,3
INF2,TP,Mardi,14:15,16:15,A,T,3
INF2,TP,Mercredi,14:15,16:15,B,T,4
INF2,TP,Mercredi,14:15,16:15,A,T,4
INF2,TP,Jeudi,14:15,16:15,B,T,5
INF2,TP,Jeudi,14:15,16:15,A,T,5
INF2,TP,Vendredi,14:15,16:15,B,T,6
INF2,TP,Vendredi,14:15,16:15,A,T,6
IQ01,Cours,Vendredi,10:15,12:15,,C,
IQ01,TD,Lundi,14:15,16:15,,D,
IQ01,TP,Lundi,08:00,10:00,A,T,
IQ01,TP,Lundi,08:00,10:00,B,T,
IS00,Cours,Lundi,08:00,10:00,,C,1
IS00,Cours,Mercredi,08:00,10:00,,C,2
IS00,TD,Mercredi,16:30,18:30,B,D,1
IS00,TD,Mercredi,16:30,18:30,A,D,1
IS00,TD,Jeudi,16:30,18:30,B,D,2
IS00,TD,Jeudi,16:30,18:30,A,D,2
IS02,Cours,Vendredi,08:00,10:00,,C,
IS02,TD,Jeudi,10:15,12:15,,D,1
IS02,TD,Jeudi,14:15,16:15,,D,2
IS02,TD,Jeudi,16:30,18:30,,D,3
IS04,Cours,Lundi,13:00,14:00,,C,
IS04,TD,Lundi,14:15,16:15,,D,1
IS04,TD,Lundi,16:30,18:30,,D,2
IS10,TD,Mercredi,16:30,18:30,,D,1
IS10,TD,Jeudi,16:30,18:30,,D,2
IS21,Atelier,Mercredi,18:45,20:45,,D,
IS22,Atelier,Mercredi,18:45,20:45,,D,
IS23,Atelier,Mercredi,18:45,20:45,,D,
ISC0,Cours,Jeudi,14:15,16:15,,C,
ISC0,TD,Jeudi,16:30,18:30,,D,
ISC1,Cours,Jeudi,10:15,12:15,,C,
ISC1,TD,Mercredi,16:30,18:30,,D,
ISC1,TP,Mercredi,18:30,19:30,,T,
ISC2,Cours,Mercredi,08:00,10:00,,C,
ISC2,TD,Mercredi,10:15,12:15,,D,
ISC3,Cours,Vendredi,08:00,10:00,,C,
ISC3,TD,Lundi,14:15,16:15,,D,
LA00,TD,Lundi,10:15,12:15,,D,
LA01,TD,Jeudi,10:15,12:15,,D,
LA02,TD,Jeudi,10:15,12:15,,D,1
LA02,TD,Jeudi,14:15,16:15,,D,2
LA02,TD,Vendredi,08:00,10:00,,D,3
LA02,TD,Vendredi,10:15,12:15,,D,4
LA03,TD,Mardi,08:00,10:00,,D,1
LA03,TD,Mardi,10:15,12:15,,D,2
LA03,TD,Mercredi,08:00,10:00,,D,3
LA03,TD,Mercredi,10:15,12:15,,D,4
LA03,TD,Mercredi,14:15,16:15,,D,5
LA04,TD,Mardi,08:00,10:00,,D,1
LA04,TD,Mardi,14:15,16:15,,D,2
LA04,TD,Mercredi,13:00,14:00,,T,1
LA04,TD,Jeudi,13:00,14:00,,T,2
LA11,TD,Jeudi,08:00,10:00,,D,1
LA11,TD,Jeudi,10:15,12:15,,D,2
LA11,TD,Mardi,09:00,10:00,,T,1
LA11,TD,Mardi,13:00,14:00,,T,2
LA12,TD,Lundi,16:30,18:30,,D,1
LA12,TD,Mardi,08:00,10:00,,D,2
LA12,TD,Mardi,16:30,18:30,,D,3
LA12,TD,Mercredi,10:15,12:15,,D,4
LA12,TD,Mercredi,16:30,18:30,,D,5
LA12,TD,Mercredi,16:30,18:30,,D,6
LA12,TD,Jeudi,10:15,12:15,,D,7
LA13,TD,Lundi,10:15,12:15,,D,1
LA13,TD,Mardi,16:30,18:30,,D,10
LA13,TD,Mercredi,08:00,10:00,,D,11
LA13,TD,Mercredi,14:15,16:15,,D,12
LA13,TD,Mercredi,14:15,16:15,,D,13
LA13,TD,Mercredi,16:30,18:30,,D,14
LA13,TD,Jeudi,08:00,10:00,,D,15
LA13,TD,Jeudi,08:00,10:00,,D,16
LA13,TD,Jeudi,10:15,12:15,,D,17
LA13,TD,Jeudi,10:15,12:15,,D,18
LA13,TD,Jeudi,14:15,16:15,,D,19
LA13,TD,Lundi,10:15,12:15,,D,2
LA13,TD,Vendredi,10:15,12:15,,D,20
LA13,TD,Vendredi,10:15,12:15,,D,21
LA13,TD,Vendredi,14:15,16:15,,D,22
LA13,TD,Vendredi,14:15,16:15,,D,23
LA13,TD,Lundi,14:15,16:15,,D,3
LA13,TD,Lundi,14:15,16:15,,D,4
LA13,TD,Lundi,16:30,18:30,,D,5
LA13,TD,Lundi,16:30,18:30,,D,6
LA13,TD,Mardi,08:00,10:00,,D,7
LA13,TD,Mardi,10:15,12:15,,D,8
LA13,TD,Mardi,10:15,12:15,,D,9
LA14,Cours,Mercredi,13:00,14:00,,C,
LA14,TD,Lundi,14:15,16:15,,D,1
LA14,TD,Lundi,14:15,16:15,,D,2
LA14,TD,Mardi,10:15,12:15,,D,3
LA14,TD,Mardi,10:15,12:15,,D,4
LA14,TD,Mardi,14:15,16:15,,D,5
LA14,TD,Mercredi,10:15,12:15,,D,6
LA14,TD,Jeudi,10:15,12:15,,D,7
LA14,TD,Jeudi,14:15,16:15,,D,8
LA15,TD,Mardi,14:15,16:15,,D,
LA20,TD,Mercredi,08:00,10:00,,D,
LA21,TD,Mardi,14:15,16:15,,D,1
LA21,TD,Mardi,16:30,18:30,,D,2
LA21,TD,Mercredi,10:15,12:15,,D,3
LA21,TD,Mercredi,14:15,16:15,,D,4
LA21,TD,Mercredi,16:30,18:30,,D,5
LA21,TD,Jeudi,10:15,12:15,,D,6
LA21,TD,Jeudi,14:15,16:15,,D,7
LA21,TD,Jeudi,16:30,18:30,,D,8
LA22,TD,Lundi,14:15,16:15,,D,1
LA22,TD,Lundi,14:15,16:15,,D,2
LA22,TD,Mardi,10:15,12:15,,D,3
LA22,TD,Mardi,14:15,16:15,,D,4
LA22,TD,Mercredi,10:15,12:15,,D,5
LA22,TD,Mercredi,14:15,16:15,,D,6
LA22,TD,Jeudi,10:15,12:15,,D,7
LA22,TD,Jeudi,14:15,16:15,,D,8
LA23,TD,Lundi,14:15,16:15,,D,1
LA23,TD,Lundi,16:30,18:30,,D,2
LA23,TD,Mardi,10:15,12:15,,D,3
LA23,TD,Mardi,14:15,16:15,,D,4
LA24,TD,Mercredi,10:15,12:15,,D,
LA24,TD,Lundi,13:00,14:00,,T,
LA91,TD,Mercredi,10:15,12:15,,D,1
LA91,TD,Jeudi,10:15,12:15,,D,2
LA91,TD,Vendredi,10:15,12:15,,T,1
LA91,TD,Mardi,10:15,12:15,,T,2
LA92,TD,Lundi,08:00,10:00,,D,1
LA92,TD,Mardi,08:00,10:00,,D,2
LA92,TD,Mercredi,08:00,10:00,,D,3
LA92,TD,Mercredi,14:15,16:15,,D,4
LA92,TD,Jeudi,08:00,10:00,,T,1
LA92,TD,Jeudi,08:00,10:00,,T,2
LA92,TD,Vendredi,08:00,10:00,,T,3
LA92,TD,Vendredi,14:15,16:15,,T,4
LA93,TD,Mercredi,10:15,12:15,,D,1
LA93,TD,Mercredi,14:15,16:15,,D,2
LA93,TD,Mercredi,16:30,18:30,,D,3
LA93,TD,Jeudi,10:15,12:15,,D,4
LA93,TD,Mardi,13:00,14:00,,T,1
LA93,TD,Jeudi,18:45,19:45,,T,2
LA93,TD,Vendredi,10:15,11:15,,T,3
LA93,TD,Vendredi,11:15,12:15,,T,4
LA94,TD,Mardi,10:15,12:15,,D,
LA95,TD,Vendredi,09:00,10:00,,D,
LB24,TD,Mercredi,10:15,12:15,,D,
LB24,TD,Mardi,13:00,14:00,,T,
LC14,Cours,Mardi,13:00,14:00,,C,
LC14,TD,Lundi,08:00,10:00,,D,1
LC14,TD,Vendredi,14:15,16:15,,D,10
LC14,TD,Lundi,10:15,12:15,,D,2
LC14,TD,Mardi,10:15,12:15,,D,3
LC14,TD,Mardi,10:15,12:15,,D,4
LC14,TD,Mardi,14:15,16:15,,D,5
LC14,TD,Mercredi,10:15,12:15,,D,6
LC14,TD,Jeudi,10:15,12:15,,D,7
LC14,TD,Jeudi,14:15,16:15,,D,8
LC14,TD,Vendredi,10:15,12:15,,D,9
LC72,TD,Vendredi,10:15,12:15,,D,1
LC72,TD,Vendredi,14:15,16:15,,D,2
LC73,TD,Vendredi,10:15,12:15,,D,1
LC73,TD,Vendredi,14:15,16:15,,D,2
LC74,TD,Vendredi,08:00,10:00,,D,
LD14,TD,Lundi,10:15,12:15,,D,1
LD14,TD,Mardi,10:15,12:15,,D,2
LD14,TD,Mardi,14:15,16:15,,D,3
LD14,TD,Mardi,16:30,18:30,,D,4
LD14,TP,Jeudi,13:00,14:00,,T,1
LD14,TP,Jeudi,13:00,14:00,,T,2
LG30,TD,Mardi,08:00,10:00,,D,1
LG30,TD,Mardi,10:15,12:15,,D,2
LG31,TD,Mardi,10:15,12:15,,D,
LG32,TD,Mardi,14:15,16:15,,D,
LG33,TD,Mardi,16:30,18:30,,D,
LG40,TD,Mercredi,08:00,10:00,,D,1
LG40,TD,Mercredi,14:15,16:15,,D,2
LG41,TD,Mercredi,10:15,12:15,,D,
LG42,TD,Mercredi,14:15,16:15,,D,
LG50,TD,Mercredi,14:15,16:15,,D,1
LG50,TD,Vendredi,10:15,12:15,,D,2
LG50,TD,Vendredi,14:15,16:15,,D,3
LG51,TD,Lundi,14:15,16:15,,D,1
LG51,TD,Mercredi,10:15,12:15,,D,2
LG52,TD,Mercredi,14:15,16:15,,D,
LG53,TD,Mardi,14:15,16:15,,D,
LG60,TD,Lundi,08:00,10:00,,D,1
LG60,TD,Lundi,10:15,12:15,,D,2
LG61,TD,Lundi,14:15,16:15,,D,1
LG61,TD,Lundi,16:30,18:30,,D,2
LG62,TD,Lundi,10:15,12:15,,D,
LG63,TD,Lundi,14:15,16:15,,D,
LH12,TD,Lundi,10:15,12:15,,D,1
LH12,TD,Lundi,16:30,18:30,,D,2
LH13,TD,Lundi,08:00,10:00,,D,1
LH13,TD,Lundi,10:15,12:15,,D,2
LH13,TD,Lundi,10:15,12:15,,D,3
LH14,TD,Jeudi,14:15,16:15,,D,1
LH14,TD,Jeudi,16:30,18:30,,D,2
LH15,Cours,Jeudi,13:00,14:00,,C,
LH15,TD,Lundi,10:15,12:15,,D,1
LH15,TD,Lundi,14:15,16:15,,D,2
LH16,TD,Lundi,10:15,12:15,,D,1
LH16,TD,Lundi,14:15,16:15,,D,2
LH17,Cours,Mardi,13:00,14:00,,C,
LH17,TD,Lundi,10:15,12:15,,D,1
LH17,TD,Lundi,16:30,18:30,,D,2
LH20,TD,Lundi,08:00,10:00,,D,
LH20,TD,Lundi,13:00,14:00,,T,
LH21,TD,Mardi,10:15,12:15,,D,
LH21,TD,Mardi,13:00,14:00,,T,
LO21,Cours,Vendredi,08:00,10:00,,C,
LO21,TD,Lundi,08:00,12:00,,D,1
LO21,TD,Mercredi,14:30,18:30,,D,2
LO21,TD,Vendredi,14:30,18:30,,D,3
LO23,Cours,Mardi,08:00,10:00,,C,
LO23,TD,Mercredi,10:15,13:15,,D,
MC02,Cours,Lundi,10:15,12:15,,C,
MC02,TD,Mercredi,10:15,12:15,,D,
MC02,TP,Vendredi,08:00,12:00,A,T,1
MC02,TP,Vendredi,08:00,12:00,B,T,1
MC02,TP,Mardi,08:00,12:00,,T,2
MC06,Cours,Lundi,14:15,16:15,,C,
MC06,TD,Mercredi,08:00,10:00,,D,
MC06,TP,Vendredi,14:30,18:30,A,T,
MC06,TP,Vendredi,14:30,18:30,B,T,
MI01,Cours,Mercredi,10:15,12:15,,C,
MI01,TD,Jeudi,08:00,10:00,,D,1
MI01,TD,Jeudi,10:15,12:15,,D,2
MI01,TD,Jeudi,14:15,16:15,,D,3
MI01,TP,Lundi,10:15,12:15,,T,1
MI01,TP,Mardi,08:00,10:00,,T,2
MI01,TP,Mercredi,14:15,16:15,,T,3
MI01,TP,Vendredi,14:15,16:15,,T,4
MI12,Cours,Vendredi,16:30,18:00,,C,
MI12,TD,Vendredi,08:00,12:00,,D,
ML01,Cours,Jeudi,14:15,16:15,,C,
ML01,TD,Lundi,08:00,10:00,,D,1
ML01,TD,Lundi,10:15,12:15,,D,2
ML01,TD,Mercredi,08:00,10:00,,D,3
ML01,TD,Mercredi,14:15,16:15,,D,4
ML01,TD,Jeudi,16:30,18:30,,D,5
MP03,Cours,Jeudi,10:15,12:15,,C,
MP03,TD,Vendredi,16:30,18:30,,D,
MQ01,Cours,Mercredi,16:30,18:30,,C,
MQ01,TD,Lundi,08:00,10:00,,D,1
MQ01,TD,Lundi,16:30,18:30,,D,2
MQ01,TD,Mardi,16:30,18:30,,D,3
MQ01,TD,Jeudi,10:15,12:15,,D,4
MQ01,TD,Vendredi,10:15,12:15,,D,5
MQ01,TP,Lundi,13:00,16:00,A,T,1
MQ01,TP,Lundi,13:00,16:00,B,T,1
MQ01,TP,Mercredi,08:00,11:00,A,T,2
MQ01,TP,Mercredi,08:00,11:00,B,T,2
MQ01,TP,Mercredi,13:00,16:00,A,T,3
MQ01,TP,Mercredi,13:00,16:00,B,T,3
MQ01,TP,Jeudi,13:00,16:00,,T,4
MQ01,TP,Vendredi,13:00,16:00,A,T,5
MQ01,TP,Vendredi,13:00,16:00,B,T,5
MQ01,TP,Jeudi,13:00,16:00,,T,6
MQ03,Cours,Lundi,08:00,10:00,,C,
MQ03,TD,Lundi,10:15,12:15,,D,1
MQ03,TD,Lundi,16:30,18:30,,D,2
MQ03,TD,Mercredi,08:00,10:00,,D,3
MQ03,TD,Mercredi,10:15,12:15,,D,4
MQ03,TD,Vendredi,08:00,10:00,,D,5
MQ03,TD,Vendredi,10:15,12:15,,D,6
MQ03,TP,Mardi,08:00,12:00,B,T,1
MQ03,TP,Mardi,08:00,12:00,A,T,1
MQ03,TP,Mercredi,14:30,18:30,B,T,2
MQ03,TP,Mercredi,14:30,18:30,A,T,2
MQ03,TP,Jeudi,08:00,12:00,A,T,3
MQ03,TP,Jeudi,08:00,12:00,B,T,3
MQ03,TP,Jeudi,14:30,18:30,,T,4
MQ03,TP,Vendredi,14:30,18:30,A,T,5
MQ03,TP,Vendredi,14:30,18:30,B,T,5
MQ06,Cours,Mercredi,14:15,16:15,,C,
MQ06,TD,Mardi,16:30,18:30,,D,1
MQ06,TD,Jeudi,08:00,10:00,,D,2
MQ06,TP,Mardi,08:00,10:00,,T,1
MQ06,TP,Jeudi,16:30,18:30,A,T,2
MQ06,TP,Jeudi,16:30,18:30,B,T,2
MQ12,Cours,Vendredi,10:15,12:15,,C,
MQ12,TD,Mercredi,16:30,18:30,,D,
MQ13,Cours,Lundi,10:15,12:15,,C,
MQ13,TD,Lundi,08:30,10:00,,D,
MQ13,TP,Mardi,14:30,18:30,,T,1
MQ13,TP,Mardi,14:30,18:30,,T,2
MQ16,Cours,Vendredi,08:00,10:00,,C,
MQ16,TD,Vendredi,10:15,12:15,,D,
MQ16,TP,Jeudi,08:00,10:00,,T,
MQ17,Cours,Vendredi,14:15,16:15,,C,
MQ17,TD,Mardi,08:00,10:00,,D,1
MQ17,TD,Mardi,10:15,12:15,,D,2
MQ17,TD,Jeudi,14:15,16:15,,D,3
MQ17,TD,Vendredi,08:00,10:00,,D,4
MQ17,TD,Vendredi,10:15,12:15,,D,5
MQ17,TD,Vendredi,16:30,18:30,,D,6
MQ17,TP,Lundi,08:00,12:00,B,T,1
MQ17,TP,Lundi,08:00,12:00,A,T,1
MQ17,TP,Lundi,14:30,18:30,A,T,2
MQ17,TP,Lundi,14:30,18:30,B,T,2
MQ17,TP,Mardi,14:30,18:30,B,T,3
MQ17,TP,Mardi,14:30,18:30,A,T,3
MQ17,TP,Mercredi,08:00,12:00,A,T,4
MQ17,TP,Mercredi,08:00,12:00,B,T,4
MQ17,TP,Mercredi,14:30,18:30,A,T,5
MQ17,TP,Mercredi,14:30,18:30,B,T,5
MQ17,TP,Jeudi,08:00,12:00,B,T,6
MQ17,TP,Jeudi,08:00,12:00,A,T,6
MQ17,TP,Vendredi,08:00,12:00,A,T,7
MQ17,TP,Vendredi,08:00,12:00,B,T,7
MQ20,Cours,Vendredi,10:15,12:15,,C,
MQ20,TD,Mardi,10:15,12:15,,D,1
MQ20,TD,Vendredi,14:15,16:15,,D,2
MQ21,Cours,Lundi,14:15,16:15,,C,
MQ21,TD,Lundi,16:30,18:30,,D,
MQ21,TP,Jeudi,14:30,18:30,,T,
MS01,Cours,Lundi,08:00,10:00,,C,
MS01,TD,Mardi,10:15,12:15,,D,1
MS01,TD,Mercredi,08:00,10:00,,D,2
MS01,TD,Vendredi,14:15,16:15,,D,3
MS01,TD,Lundi,10:15,12:15,,D,4
MS01,TP,Jeudi,08:00,12:00,B,T,1
MS01,TP,Jeudi,08:00,12:00,A,T,1
MS01,TP,Jeudi,14:30,18:30,A,T,2
MS01,TP,Jeudi,14:30,18:30,B,T,2
MS01,TP,Vendredi,08:00,12:00,B,T,3
MS01,TP,Vendredi,08:00,12:00,A,T,3
MS01,TP,Lundi,14:30,18:30,,T,4
MS01,TP,Lundi,14:30,18:30,,T,5
MS03,TD,Jeudi,08:00,09:00,,D,
MS03,TP,Jeudi,09:00,12:00,,T,
MT01,Cours,Lundi,08:00,10:00,,C,
MT01,TD,Jeudi,10:15,12:15,,D,
MT02,Cours,Jeudi,10:30,12:00,,C,1
MT02,Cours,Lundi,10:30,12:00,,C,1
MT02,Cours,Lundi,14:30,16:00,,C,2
MT02,Cours,Mardi,10:30,12:00,,C,2
MT02,TD,Lundi,08:00,10:00,,D,1
MT02,TD,Jeudi,08:00,10:00,,D,10
MT02,TD,Jeudi,14:15,16:15,,D,11
MT02,TD,Jeudi,16:30,18:30,,D,12
MT02,TD,Vendredi,08:00,10:00,,D,13
MT02,TD,Vendredi,14:15,16:15,,D,14
MT02,TD,Jeudi,08:00,10:00,,D,15
MT02,TD,Lundi,16:30,18:30,,D,2
MT02,TD,Mardi,08:00,10:00,,D,3
MT02,TD,Mardi,14:15,16:15,,D,4
MT02,TD,Mardi,16:30,18:30,,D,5
MT02,TD,Mercredi,08:00,10:00,,D,6
MT02,TD,Mercredi,10:15,12:15,,D,7
MT02,TD,Mercredi,14:15,16:15,,D,8
MT02,TD,Mercredi,16:30,18:30,,D,9
MT02,TD,Lundi,13:00,14:00,,T,1
MT02,TD,Jeudi,13:00,14:00,,T,10
MT02,TD,Jeudi,13:00,14:00,,T,11
MT02,TD,Jeudi,13:00,14:00,,T,12
MT02,TD,Vendredi,13:00,14:00,,T,13
MT02,TD,Vendredi,13:00,14:00,,T,14
MT02,TD,Mardi,13:00,14:00,,T,15
MT02,TD,Lundi,13:00,14:00,,T,2
MT02,TD,Lundi,13:00,14:00,,T,3
MT02,TD,Lundi,13:00,14:00,,T,4
MT02,TD,Mardi,13:00,14:00,,T,5
MT02,TD,Mardi,13:00,14:00,,T,6
MT02,TD,Mercredi,13:00,14:00,,T,7
MT02,TD,Mercredi,13:00,14:00,,T,8
MT02,TD,Mercredi,13:00,14:00,,T,9
MT03,Cours,Lundi,16:45,18:15,,C,1
MT03,Cours,Mercredi,10:30,12:00,,C,2
MT03,TD,Lundi,08:30,10:00,,D,1
MT03,TD,Mercredi,14:30,16:00,,D,10
MT03,TD,Mercredi,14:30,16:00,,D,11
MT03,TD,Mercredi,16:30,18:00,,D,12
MT03,TD,Mercredi,16:30,18:00,,D,13
MT03,TD,Jeudi,08:30,10:00,,D,14
MT03,TD,Jeudi,10:30,12:00,,D,15
MT03,TD,Jeudi,14:30,16:00,,D,16
MT03,TD,Jeudi,16:30,18:00,,D,17
MT03,TD,Vendredi,08:30,10:00,,D,18
MT03,TD,Vendredi,14:15,15:45,,D,19
MT03,TD,Lundi,08:30,10:00,,D,2
MT03,TD,Lundi,10:30,12:00,,D,3
MT03,TD,Lundi,14:30,16:00,,D,4
MT03,TD,Mardi,08:30,10:00,,D,5
MT03,TD,Mardi,10:30,12:00,,D,6
MT03,TD,Mardi,14:30,16:00,,D,7
MT03,TD,Mardi,16:30,18:00,,D,8
MT03,TD,Mercredi,08:30,10:00,,D,9
MT11,TD,Lundi,08:00,10:00,,D,1
MT11,TD,Mercredi,14:15,16:15,,D,1
MT11,TD,Lundi,10:15,12:15,,D,2
MT11,TD,Mercredi,08:00,10:00,,D,2
MT11,TD,Lundi,16:30,18:30,,D,3
MT11,TD,Mercredi,10:15,12:15,,D,3
MT12,Cours,Jeudi,10:15,12:15,,C,
MT12,TD,Lundi,10:15,12:15,,D,1
MT12,TD,Mardi,16:30,18:30,,D,2
MT12,TP,Mercredi,14:15,16:15,B,T,1
MT12,TP,Mercredi,14:15,16:15,A,T,1
MT12,TP,Vendredi,10:15,12:15,B,T,2
MT12,TP,Vendredi,10:15,12:15,A,T,2
MT22,Cours,Jeudi,10:15,12:15,,C,
MT22,TD,Lundi,10:15,12:15,,D,1
MT22,TD,Lundi,14:15,16:15,,D,2
MT22,TD,Jeudi,16:30,18:30,,D,3
MT22,TD,Vendredi,10:15,12:15,,D,4
MT23,Cours,Mercredi,10:15,12:15,,C,1
MT23,Cours,Jeudi,10:15,12:15,,C,2
MT23,TD,Lundi,10:15,12:15,,D,1
MT23,TD,Vendredi,08:00,10:00,,D,10
MT23,TD,Vendredi,10:15,12:15,,D,11
MT23,TD,Vendredi,14:15,16:15,,D,12
MT23,TD,Lundi,14:15,16:15,,D,2
MT23,TD,Mardi,08:00,10:00,,D,3
MT23,TD,Mardi,10:15,12:15,,D,4
MT23,TD,Mardi,16:30,18:30,,D,5
MT23,TD,Mercredi,08:00,10:00,,D,6
MT23,TD,Jeudi,08:00,10:00,,D,7
MT23,TD,Jeudi,14:15,16:15,,D,8
MT23,TD,Jeudi,16:30,18:30,,D,9
MT31,Cours,Lundi,08:00,10:00,,C,
MT31,TD,Lundi,10:15,12:15,,D,
MT33,Cours,Mardi,10:15,12:15,,C,
MT33,TD,Lundi,16:30,18:30,,D,
MT33,TP,Jeudi,08:00,10:00,A,T,
MT33,TP,Jeudi,08:00,10:00,B,T,
MT36,Cours,Jeudi,10:15,12:15,,C,
MT36,TD,Vendredi,16:30,18:30,,D,
MTX2,Cours,Jeudi,10:30,12:00,,C,1
MTX2,Cours,Lundi,10:30,12:00,,C,1
MTX2,Cours,Lundi,14:30,16:00,,C,2
MTX2,Cours,Mardi,10:30,12:00,,C,2
MTX2,TD,Mardi,08:00,10:00,,D,
MTX2,TD,Mercredi,14:15,16:15,,T,
MU01,TD,Vendredi,10:15,12:15,,D,
MU03,TD,Jeudi,10:15,12:15,,D,
NF02,Cours,Lundi,16:30,18:00,,C,
NF02,TD,Mercredi,08:00,10:00,,D,1
NF02,TD,Jeudi,16:30,18:30,,D,2
NF02,TP,Mercredi,10:15,12:15,A,T,1
NF02,TP,Mercredi,10:15,12:15,B,T,1
NF02,TP,Vendredi,08:00,10:00,A,T,2
NF02,TP,Vendredi,08:00,10:00,B,T,2
NF04,Cours,Mercredi,10:15,12:15,,C,
NF04,TD,Lundi,16:30,18:30,,D,1
NF04,TD,Jeudi,10:15,12:15,,D,2
NF04,TD,Jeudi,14:15,16:15,,D,3
NF05,TD,Lundi,08:00,12:00,,D,1
NF05,TD,Vendredi,14:30,18:30,,D,10
NF05,TD,Lundi,14:15,18:15,,D,2
NF05,TD,Mardi,08:00,12:00,,D,3
NF05,TD,Mardi,14:15,18:15,,D,4
NF05,TD,Mercredi,08:00,12:00,,D,5
NF05,TD,Mercredi,14:15,18:15,,D,6
NF05,TD,Jeudi,08:00,12:00,,D,7
NF05,TD,Jeudi,14:15,18:15,,D,8
NF05,TD,Vendredi,08:00,12:00,,D,9
NF16,Cours,Lundi,16:30,18:30,,C,
NF16,TD,Mercredi,08:00,10:00,,D,1
NF16,TD,Mercredi,16:30,18:30,,D,2
NF16,TD,Jeudi,10:15,12:15,,D,3
NF16,TD,Jeudi,08:00,10:00,,D,4
NF16,TP,Mardi,08:00,10:00,B,T,1
NF16,TP,Mardi,08:00,10:00,A,T,1
NF16,TP,Mardi,10:15,12:15,A,T,2
NF16,TP,Mardi,10:15,12:15,B,T,2
NF16,TP,Vendredi,08:00,10:00,A,T,3
NF16,TP,Vendredi,08:00,10:00,B,T,3
NF16,TP,Vendredi,10:15,12:15,,T,4
NF16,TP,Vendredi,10:15,12:15,,T,5
NF18,Cours,Jeudi,08:00,10:00,,C,
NF18,TD,Lundi,10:15,13:15,,D,1
NF18,TD,Lundi,13:15,16:15,,D,2
NF18,TD,Mercredi,10:15,13:15,,D,3
NF22,Cours,Vendredi,08:30,10:00,,C,
NF22,TD,Lundi,08:00,10:00,,D,1
NF22,TD,Mardi,10:15,12:15,,D,2
NF22,TD,Mardi,14:15,16:15,,D,3
NF22,TD,Jeudi,08:00,10:00,,D,4
NF22,TD,Jeudi,14:15,16:15,,D,5
NF22,TD,Vendredi,10:15,12:15,,D,6
NF22,TP,Lundi,10:15,12:15,,T,1
NF22,TP,Mardi,08:00,10:00,,T,2
NF22,TP,Mardi,16:30,18:30,,T,3
NF22,TP,Mercredi,08:00,10:00,,T,4
NF22,TP,Mercredi,16:30,18:30,,T,5
NF22,TP,Vendredi,14:15,16:15,,T,6
NF23,TD,Lundi,08:00,12:00,,D,
NF92,Cours,Mercredi,16:30,18:30,,C,
NF92,TD,Mercredi,08:00,10:00,,D,1
NF92,TD,Jeudi,08:00,10:00,,D,2
NF92,TD,Vendredi,08:00,10:00,,D,3
NF92,TP,Mercredi,10:15,12:15,B,T,1
NF92,TP,Mercredi,10:15,12:15,A,T,1
NF92,TP,Jeudi,10:15,12:15,A,T,2
NF92,TP,Jeudi,10:15,12:15,B,T,2
NF92,TP,Vendredi,10:15,12:15,B,T,3
NF92,TP,Vendredi,10:15,12:15,A,T,3
NF93,Cours,Lundi,08:00,10:00,,C,
NF93,TD,Mercredi,08:00,10:00,,D,1
NF93,TD,Jeudi,08:00,10:00,,D,2
NF93,TD,Jeudi,10:15,12:15,,D,3
NF93,TD,Vendredi,10:15,12:15,,D,4
PH01,Cours,Mardi,09:00,10:00,,C,
PH01,TD,Mardi,10:15,12:15,,D,
PH03,Cours,Mardi,10:15,12:15,,C,
PH03,TD,Mardi,13:00,14:00,,D,1
PH03,TD,Mardi,14:15,15:15,,D,2
PH04,Cours,Mardi,10:15,12:15,,C,
PH04,TD,Mardi,14:15,15:15,,D,1
PH04,TD,Mardi,15:15,16:15,,D,2
PH09,Cours,Lundi,14:15,16:15,,C,
PH09,TD,Lundi,13:00,14:00,,D,1
PH09,TD,Lundi,16:30,17:30,,D,2
PH11,Cours,Mercredi,09:00,10:00,,C,
PH11,TD,Mercredi,10:15,12:15,,D,
PS04,Cours,Mercredi,08:00,10:00,,C,
PS04,TD,Mardi,08:00,10:00,,D,
PS04,TP,Lundi,14:30,18:30,B,T,
PS04,TP,Lundi,14:30,18:30,A,T,
PS12,Cours,Lundi,14:15,16:15,,C,
PS12,TD,Lundi,16:30,18:30,,D,
PS13,Cours,Mardi,08:00,10:00,,C,
PS13,TD,Vendredi,13:00,16:00,,D,
PS15,Cours,Mercredi,10:15,12:15,,C,
PS15,TD,Jeudi,08:00,10:00,,D,1
PS15,TD,Jeudi,10:15,12:15,,D,2
PS15,TD,Jeudi,14:15,16:15,,D,3
PS15,TD,Vendredi,10:15,12:15,,D,4
PS21,Cours,Vendredi,14:30,16:00,,C,
PS21,TD,Lundi,08:00,11:00,,D,1
PS21,TD,Lundi,13:15,16:15,,D,2
PS21,TD,Lundi,16:30,19:30,,D,3
PS21,TD,Mardi,08:00,11:00,,D,4
PS21,TD,Mercredi,13:15,16:15,,D,5
PS21,TD,Mercredi,16:30,19:30,,D,6
PS21,TD,Jeudi,08:00,11:00,,D,7
PS21,TD,Jeudi,16:30,19:30,,D,8
PS22,Cours,Lundi,10:15,12:15,,C,
PS22,TD,Mardi,10:15,12:15,,D,1
PS22,TD,Mercredi,08:00,10:00,,D,2
PS22,TD,Mercredi,10:15,12:15,,D,3
PS22,TD,Jeudi,14:15,16:15,,D,4
PS22,TD,Vendredi,08:00,10:00,,D,5
PS23,Cours,Lundi,08:00,10:00,,C,
PS23,TD,Mardi,14:15,16:15,,D,
PS90,Cours,Mardi,16:30,18:30,,C,
PS93,Cours,Mardi,14:15,16:15,,C,
PS93,TD,Lundi,08:00,11:00,,D,1
PS93,TD,Lundi,16:30,19:30,,D,2
PS93,TD,Mercredi,16:30,19:30,,D,3
PS93,TD,Vendredi,08:00,11:00,,D,4
PS93,TP,Mercredi,08:00,11:00,,T,1
PS93,TP,Mercredi,08:00,11:00,,T,2
PS93,TP,Mercredi,13:00,16:00,,T,3
PS93,TP,Mercredi,13:00,16:00,,T,4
PS93,TP,Jeudi,08:00,11:00,,T,5
PS93,TP,Jeudi,08:00,11:00,,T,6
PS93,TP,Jeudi,13:15,16:15,,T,7
PS93,TP,Jeudi,13:15,16:15,,T,8
PS93,TP,Lundi,13:00,16:00,,T,9
RO05,Cours,Jeudi,08:00,10:00,,C,
RO05,TD,Jeudi,10:15,12:15,,D,
RO06,Cours,Lundi,08:00,10:00,,C,
RO06,TD,Lundi,10:15,12:15,,D,
RV01,Cours,Jeudi,10:15,12:15,,C,
RV01,TD,Vendredi,14:15,16:15,,D,
SA12,TD,Jeudi,13:15,16:15,,D,1
SA12,TD,Jeudi,16:30,19:30,,D,2
SC11,Cours,Lundi,13:00,14:00,,C,
SC11,TD,Lundi,14:15,16:15,,D,
SC12,Cours,Mercredi,14:15,16:15,,C,
SC12,TD,Mercredi,16:30,17:30,,D,1
SC12,TD,Mercredi,17:30,18:30,,D,2
SC21,Cours,Mardi,14:15,16:15,,C,
SC21,TD,Mardi,16:30,17:30,,D,1
SC21,TD,Mardi,17:30,18:30,,D,2
SC22,Cours,Mardi,13:00,14:00,,C,
SC22,TD,Mardi,14:15,16:15,,D,
SC23,Cours,Mardi,13:00,14:00,,C,
SC23,TD,Mardi,14:15,16:15,,D,
SC25,Cours,Mardi,13:00,14:00,,C,
SC25,TD,Mardi,14:15,16:15,,D,1
SC25,TD,Mardi,16:30,18:30,,D,2
SC27,Cours,Mardi,13:00,14:00,,C,
SC27,TD,Mardi,14:15,16:15,,D,
SF01,TD,Mardi,14:30,16:00,,D,1
SF01,TD,Mardi,16:30,18:00,,D,2
SF02,TD,Mardi,14:30,16:00,,D,1
SF02,TD,Mardi,16:30,18:00,,D,2
SH01,Cours,Vendredi,13:00,14:00,,C,
SH01,TD,Vendredi,14:15,16:15,,D,1
SH01,TD,Vendredi,16:30,18:30,,D,2
SH03,Cours,Vendredi,13:00,14:00,,C,
SH03,TD,Vendredi,08:00,10:00,,D,
SH06,Cours,Mercredi,09:00,10:00,,C,
SH06,TD,Mercredi,10:15,12:15,,D,
SH07,Cours,Mercredi,10:15,11:15,,C,
SH07,TD,Mercredi,11:15,13:15,,D,1
SH07,TD,Mercredi,14:15,16:15,,D,2
SH10,Cours,Vendredi,13:00,14:00,,C,
SH10,TD,Vendredi,14:15,16:15,,D,1
SH10,TD,Vendredi,16:30,18:30,,D,2
SH26,Cours,Mercredi,10:15,11:15,,C,
SH26,TD,Mercredi,11:15,13:15,,D,
SH30,Cours,Vendredi,13:00,14:00,,C,
SH30,TD,Vendredi,14:15,16:15,,D,1
SH30,TD,Vendredi,16:30,18:30,,D,2
SH40,Cours,Vendredi,14:15,15:15,,C,
SH40,TD,Vendredi,15:15,17:15,,D,
SI02,Cours,Vendredi,09:00,10:00,,C,
SI02,TD,Vendredi,10:15,12:15,,D,1
SI02,TD,Vendredi,14:15,16:15,,D,2
SI02,TD,Vendredi,16:30,18:30,,D,3
SI11,TD,Lundi,10:15,13:15,,D,1
SI11,TD,Lundi,10:15,13:15,,D,2
SI11,TD,Lundi,13:15,16:15,,D,3
SI11,TD,Lundi,13:15,16:15,,D,4
SI11,TD,Mardi,13:15,16:15,,D,5
SI11,TD,Mardi,16:30,19:30,,D,6
SI20,Cours,Mercredi,13:00,14:00,,C,
SI20,TD,Mercredi,14:15,16:15,,D,1
SI20,TD,Mercredi,16:30,18:30,,D,2
SI24,Cours,Vendredi,09:00,10:00,,C,
SI24,TD,Lundi,14:15,16:15,,D,1
SI24,TD,Vendredi,10:15,12:15,,D,2
SO04,Cours,Lundi,13:00,14:00,,C,
SO04,TD,Lundi,10:15,12:15,,D,1
SO04,TD,Lundi,14:15,16:15,,D,2
SO05,Cours,Mardi,13:00,14:00,,C,
SO05,TD,Mardi,14:15,16:15,,D,1
SO05,TD,Mardi,16:30,18:30,,D,2
SO08,Cours,Mardi,13:00,14:00,,C,
SO08,TD,Mardi,14:15,16:15,,D,1
SO08,TD,Mardi,16:30,18:30,,D,2
SP01,Cours,Mardi,10:15,12:15,,C,
SP01,TD,Lundi,14:15,16:15,,D,1
SP01,TD,Mardi,14:15,16:15,,D,2
SP22,Cours,Lundi,10:15,12:15,,C,
SP22,TD,Lundi,14:15,16:15,,D,1
SP22,TD,Lundi,16:30,18:30,,D,2
SR01,Cours,Lundi,14:15,16:15,,C,
SR01,TD,Lundi,16:30,18:30,,D,1
SR01,TD,Mardi,16:30,18:30,,D,2
SR01,TD,Mercredi,08:00,10:00,,D,3
SR01,TD,Vendredi,10:15,12:15,,D,4
SR01,TD,Mercredi,10:15,12:15,,D,5
SR04,Cours,Lundi,16:30,19:30,,C,
SR04,TD,Jeudi,14:15,16:15,,D,1
SR04,TD,Jeudi,16:30,18:30,,D,2
SR07,Cours,Vendredi,10:15,12:15,,C,
SR07,TD,Vendredi,16:30,19:30,,D,
SR08,Cours,Jeudi,08:00,10:00,,C,
SR08,TD,Samedi,08:00,11:00,,D,
SU01,Cours,Mardi,08:00,10:00,,C,
SU01,TD,Mardi,10:15,12:15,,D,1
SU01,TD,Mardi,14:15,16:15,,D,2
SU01,TD,Mardi,16:30,18:30,,D,3
SV01,Cours,Mercredi,14:15,16:15,,C,
SV01,TD,Mardi,14:15,16:15,,D,1
SV01,TD,Mercredi,10:15,12:15,,D,2
SV01,TD,Mercredi,16:30,18:30,,D,3
SV01,TP,Lundi,14:15,18:15,A,T,1
SV01,TP,Lundi,14:15,18:15,B,T,1
SV01,TP,Mardi,08:00,12:00,A,T,2
SV01,TP,Mardi,08:00,12:00,B,T,2
SV01,TP,Jeudi,14:15,18:15,B,T,3
SV01,TP,Jeudi,14:15,18:15,A,T,3
SY01,Cours,Mardi,10:15,12:15,,C,
SY01,TD,Lundi,10:15,12:15,,D,1
SY01,TD,Jeudi,14:15,16:15,,D,2
SY02,Cours,Mardi,08:00,10:00,,C,
SY02,TD,Mardi,16:30,18:30,,D,1
SY02,TD,Mercredi,10:15,12:15,,D,2
SY02,TD,Mercredi,14:15,16:15,,D,3
SY02,TD,Jeudi,08:00,10:00,,D,4
SY02,TD,Jeudi,14:15,16:15,,D,5
SY02,TP,Lundi,14:15,16:15,B,T,1
SY02,TP,Lundi,14:15,16:15,A,T,1
SY02,TP,Mercredi,08:00,10:00,B,T,2
SY02,TP,Mercredi,08:00,10:00,A,T,2
SY02,TP,Vendredi,16:30,18:30,,T,3
SY03,Cours,Jeudi,08:00,10:00,,C,
SY03,TD,Mardi,08:00,10:00,,D,1
SY03,TD,Jeudi,16:30,18:30,,D,2
SY03,TD,Vendredi,08:00,10:00,,D,3
SY03,TP,Lundi,08:00,12:00,B,T,1
SY03,TP,Lundi,08:00,12:00,A,T,1
SY03,TP,Mardi,14:30,18:30,A,T,2
SY03,TP,Mardi,14:30,18:30,B,T,2
SY03,TP,Mercredi,08:00,12:00,A,T,3
SY03,TP,Mercredi,08:00,12:00,B,T,3
SY05,Cours,Jeudi,08:00,10:00,,C,
SY05,TD,Jeudi,10:15,12:15,,D,
SY06,Cours,Mardi,14:15,16:15,,C,
SY06,TD,Jeudi,10:15,12:15,,D,1
SY06,TD,Jeudi,14:15,16:15,,D,2
SY06,TD,Vendredi,14:15,16:15,,D,3
SY06,TP,Lundi,10:15,13:15,A,T,1
SY06,TP,Lundi,10:15,13:15,B,T,1
SY06,TP,Mardi,16:30,19:30,B,T,2
SY06,TP,Mardi,16:30,19:30,A,T,2
SY06,TP,Mercredi,10:15,13:15,B,T,3
SY06,TP,Mercredi,10:15,13:15,A,T,3
SY08,Cours,Jeudi,16:30,18:30,,C,
SY08,TD,Mercredi,16:30,18:30,,D,1
SY08,TD,Jeudi,08:00,10:00,,D,2
SY08,TD,Mercredi,10:15,12:15,,D,3
SY08,TP,Lundi,16:30,18:30,A,T,1
SY08,TP,Lundi,16:30,18:30,B,T,1
SY08,TP,Mardi,16:30,18:30,B,T,2
SY08,TP,Mardi,16:30,18:30,A,T,2
SY08,TP,Mardi,08:00,10:00,,T,3
SY08,TP,Mardi,08:00,10:00,,T,4
SY10,Cours,Mardi,16:30,18:30,,C,
SY10,TD,Jeudi,14:15,16:15,,D,
SY10,TP,Jeudi,16:30,18:30,,T,1
SY10,TP,Jeudi,16:30,18:30,,T,2
SY14,Cours,Jeudi,10:15,12:15,,C,
SY14,TD,Jeudi,14:15,16:15,,D,
SY14,TP,Lundi,08:00,12:00,B,T,
SY14,TP,Lundi,08:00,12:00,A,T,
SY19,Cours,Mercredi,08:00,10:00,,C,
SY19,TD,Mardi,10:15,12:15,,D,1
SY19,TD,Mercredi,10:15,12:15,,D,2
SY27,Cours,Mercredi,14:15,16:15,,C,
SY27,TD,Jeudi,14:30,18:30,,D,
SY28,Cours,Mardi,10:15,12:15,,C,
SY28,TD,Mardi,14:15,16:15,,D,
SY28,TP,Vendredi,14:15,16:15,,T,
SY98,Cours,Lundi,10:30,12:00,,C,
SY98,Cours,Mardi,10:30,12:00,,C,
SY98,TD,Lundi,08:00,10:00,,D,
SY98,TD,Mardi,14:15,16:15,,T,
TA02,Cours,Vendredi,14:15,16:15,,C,
TA02,TD,Vendredi,16:30,18:30,,D,
TA03,Cours,Mercredi,08:00,12:00,,C,
TF01,Cours,Mardi,10:15,12:15,,C,
TF01,TD,Lundi,08:00,10:00,,D,1
TF01,TD,Lundi,14:15,16:15,,D,2
TF01,TD,Mardi,08:00,10:00,,D,3
TF01,TD,Jeudi,08:00,10:00,,D,4
TF01,TD,Jeudi,10:15,12:15,,D,5
TF01,TD,Vendredi,08:00,10:00,,D,6
TF01,TP,Lundi,16:30,19:30,A,T,1
TF01,TP,Lundi,16:30,19:30,B,T,1
TF01,TP,Mardi,13:00,16:00,B,T,2
TF01,TP,Mardi,13:00,16:00,A,T,2
TF01,TP,Mardi,16:30,19:30,A,T,3
TF01,TP,Mardi,16:30,19:30,B,T,3
TF01,TP,Mercredi,13:00,16:00,,T,4
TF01,TP,Mercredi,16:30,19:30,A,T,5
TF01,TP,Mercredi,16:30,19:30,B,T,5
TF01,TP,Jeudi,13:00,16:00,A,T,6
TF01,TP,Jeudi,13:00,16:00,B,T,6
TF01,TP,Vendredi,13:00,16:00,B,T,7
TF01,TP,Vendredi,13:00,16:00,A,T,7
TF06,Cours,Mercredi,08:00,10:00,,C,
TF06,TD,Lundi,08:00,10:00,,D,1
TF06,TD,Lundi,10:15,12:15,,D,2
TF06,TD,Vendredi,10:15,12:15,,D,3
TF06,TD,Vendredi,14:15,16:15,,D,4
TF06,TD,Vendredi,16:30,18:30,,D,5
TF11,Cours,Mercredi,10:15,12:15,,C,
TF11,TD,Jeudi,10:15,12:15,,D,1
TF11,TD,Jeudi,14:15,16:15,,D,2
TF11,TD,Vendredi,08:00,10:00,,D,3
TH02,Cours,Mardi,08:00,10:00,,C,
TH02,TD,Mardi,10:15,12:15,,D,
TH04,Cours,Vendredi,08:00,10:00,,C,
TH04,TD,Vendredi,10:15,12:15,,D,
TM02,TD,Vendredi,08:00,10:00,,D,
TM02,TP,Vendredi,10:15,12:15,,T,
TN01,Cours,Vendredi,16:45,17:45,,C,
TN01,TD,Lundi,08:00,11:00,,D,1
TN01,TD,Vendredi,13:00,16:00,,D,10
TN01,TD,Mardi,16:30,19:30,,D,11
TN01,TD,Lundi,13:00,16:00,,D,2
TN01,TD,Lundi,16:30,19:30,,D,3
TN01,TD,Mardi,08:00,11:00,,D,4
TN01,TD,Mardi,13:00,16:00,,D,5
TN01,TD,Mercredi,08:00,11:00,,D,6
TN01,TD,Mercredi,13:00,16:00,,D,7
TN01,TD,Mercredi,16:30,19:30,,D,8
TN01,TD,Jeudi,13:00,16:00,,D,9
TN02,Cours,Lundi,14:15,15:15,,C,
TN02,TD,Lundi,08:00,11:00,,D,1
TN02,TD,Lundi,16:30,19:30,,D,2
TN02,TD,Mercredi,13:15,16:15,,D,3
TN02,TD,Jeudi,13:15,16:15,,D,4
TN02,TD,Jeudi,16:30,19:30,,D,5
TN02,TD,Vendredi,08:00,11:00,,D,6
TN03,Cours,Mardi,16:30,17:30,,C,
TN03,TD,Mardi,08:00,09:00,,D,1
TN03,TD,Mardi,09:00,10:00,,D,2
TN03,TD,Vendredi,14:15,15:15,,D,3
TN03,TD,Vendredi,15:15,16:15,,D,4
TN03,TP,Mercredi,08:00,12:00,,T,1
TN03,TP,Mercredi,14:15,18:15,,T,2
TN06,Cours,Lundi,16:30,18:30,,C,
TN06,TD,Mardi,08:00,10:00,,D,1
TN06,TD,Mercredi,14:15,16:15,,D,2
TN06,TP,Jeudi,14:15,18:15,A,T,1
TN06,TP,Jeudi,14:15,18:15,B,T,1
TN06,TP,Vendredi,08:00,12:00,B,T,2
TN06,TP,Vendredi,08:00,12:00,A,T,2
TN08,Cours,Mardi,14:15,16:15,,C,
TN08,TP,Mardi,16:30,18:30,,T,
TN12,Cours,Lundi,14:15,15:45,,C,
TN12,TD,Mardi,14:30,18:30,,D,1
TN12,TD,Mercredi,14:30,18:30,,D,2
TN12,TD,Vendredi,08:00,12:00,,D,3
TN14,Cours,Lundi,14:15,16:15,,C,
TN14,TD,Lundi,16:30,18:00,,D,
TN15,Cours,Jeudi,13:15,16:15,,C,
TN20,Cours,Vendredi,16:30,18:00,,C,
TN20,TD,Lundi,14:15,18:15,,D,1
TN20,TD,Mardi,08:00,12:00,,D,2
TN20,TD,Mardi,14:15,18:15,,D,3
TN20,TD,Mercredi,08:00,12:00,,D,4
TN20,TD,Mercredi,14:30,18:30,,D,5
TN20,TD,Jeudi,08:00,12:00,,D,6
TN21,Cours,Mardi,14:15,16:15,,C,
TN21,TD,Vendredi,14:15,16:15,,D,
TN22,Cours,Lundi,14:30,16:00,,C,
TN22,TD,Mardi,08:00,12:00,,D,1
TN22,TD,Mercredi,08:00,12:00,,D,2
TN22,TD,Vendredi,08:00,12:00,,D,3
TN23,Cours,Mercredi,08:00,10:00,,C,
TN23,TD,Lundi,16:30,18:30,,D,1
TN23,TD,Mardi,10:15,12:15,,D,2
TN23,TD,Vendredi,10:15,12:15,,D,3
TN23,TP,Lundi,08:00,12:00,B,T,1
TN23,TP,Lundi,08:00,12:00,A,T,1
TN23,TP,Mercredi,14:30,18:30,A,T,2
TN23,TP,Mercredi,14:30,18:30,B,T,2
TN23,TP,Jeudi,08:00,12:00,B,T,3
TN23,TP,Jeudi,08:00,12:00,A,T,3
TN25,Cours,Vendredi,10:15,11:45,,C,
TN25,TD,Jeudi,08:00,12:00,,D,
TR91,Cours,Jeudi,16:30,18:30,,C,
TR91,TD,Mercredi,10:15,12:15,,D,
TS02,Cours,Lundi,14:15,16:15,,C,
TS02,TD,Lundi,16:30,18:30,,D,
TSN1,Cours,Mardi,10:15,12:15,,C,
TSN1,TD,Mercredi,14:15,16:15,,D,1
TSN1,TD,Mercredi,16:30,18:30,,D,2
UB02,Cours,Vendredi,08:00,10:00,,C,
UB02,TD,Vendredi,10:15,12:15,,D,
UB09,Cours,Lundi,10:15,12:15,,C,
UB09,TD,Lundi,14:15,16:15,,D,1
UB09,TD,Lundi,16:30,18:30,,D,2
UB09,TP,Mardi,14:30,18:30,B,T,1
UB09,TP,Mardi,14:30,18:30,A,T,1
UB09,TP,Vendredi,08:00,12:00,B,T,2
UB09,TP,Vendredi,08:00,12:00,A,T,2
UR02,Cours,Vendredi,14:15,16:15,,C,
UR02,TD,Mercredi,14:15,16:15,,D,1
UR02,TD,Vendredi,08:00,10:00,,D,2
UR02,TD,Vendredi,10:15,12:15,,D,3
UR02,TD,Vendredi,16:30,18:30,,D,4
UR02,TD,Mardi,16:30,18:30,,D,5
UR03,Cours,Mercredi,16:30,18:30,,C,
UR03,TD,Mercredi,08:00,10:00,,D,1
UR03,TD,Mercredi,14:15,16:15,,D,2
UR06,Cours,Mercredi,14:15,16:15,,C,
UR06,TD,Mercredi,08:00,10:00,,D,1
UR06,TD,Mercredi,10:15,12:15,,D,2
UR07,Cours,Vendredi,14:15,16:15,,C,
UR07,TD,Vendredi,16:30,18:30,,D,
UT01,Cours,Mardi,14:30,16:00,,C,
UT01,TD,Mardi,16:30,18:30,,D,
WE01,Cours,Mercredi,13:00,14:00,,C,
WE01,TD,Mercredi,14:15,16:15,,D,1
WE01,TD,Mercredi,16:30,18:30,,D,2
WE01,TD,Mercredi,10:15,12:15,,D,3
